<?xml version="1.0" encoding="UTF-8"?>
<beans xmlns="http://www.springframework.org/schema/beans"
       xmlns:xsi="http://www.w3.org/2001/XMLSchema-instance"
       xsi:schemaLocation="
        http://www.springframework.org/schema/beans http://www.springframework.org/schema/beans/spring-beans.xsd">

    <!-- bean definitions here -->
    <bean id="userDataProvider"
          class="com.ioc.coupling.UserDatabaseProvider"/>

    <bean id="newDatabaseProvider"
          class="com.ioc.coupling.NewDatabaseProvider"/>

    <bean id="webServiceDataProvider"
          class="com.ioc.coupling.WebServiceDataProvider"/>

    <bean id="userManagerWithUserDataProvider" class="com.ioc.coupling.UserManager">
        <constructor-arg ref="userDataProvider"/>
    </bean>

    <bean id="userManagerWithNewDatabaseProvider" class="com.ioc.coupling.UserManager">
        <constructor-arg ref="newDatabaseProvider"/>
    </bean>

    <bean id="userManagerWithWebServiceProvider" class="com.ioc.coupling.UserManager">
        <constructor-arg ref="webServiceDataProvider"/>
    </bean>

</beans>