{
	"info": {
		"_postman_id": "e901da3d-88dd-479e-a9f9-2a1a38b6282b",
		"name": "Java Spring Boot: Professional eCommerce Project Masterclass",
		"schema": "https://schema.getpostman.com/json/collection/v2.1.0/collection.json",
		"_exporter_id": "28392683"
	},
	"item": [
		{
			"name": "SocialMedia APIs",
			"item": [
				{
					"name": "GetUsers",
					"request": {
						"method": "GET",
						"header": [],
						"url": {
							"raw": "http://localhost:8080/social/users",
							"protocol": "http",
							"host": [
								"localhost"
							],
							"port": "8080",
							"path": [
								"social",
								"users"
							]
						}
					},
					"response": []
				},
				{
					"name": "GetUsers",
					"request": {
						"method": "GET",
						"header": [],
						"url": {
							"raw": "http://localhost:8080/social/users/1",
							"protocol": "http",
							"host": [
								"localhost"
							],
							"port": "8080",
							"path": [
								"social",
								"users",
								"1"
							]
						}
					},
					"response": []
				},
				{
					"name": "DeleteUsers",
					"request": {
						"method": "DELETE",
						"header": [],
						"url": {
							"raw": "http://localhost:8080/social/users/4",
							"protocol": "http",
							"host": [
								"localhost"
							],
							"port": "8080",
							"path": [
								"social",
								"users",
								"4"
							]
						}
					},
					"response": []
				},
				{
					"name": "SaveUsers",
					"request": {
						"method": "POST",
						"header": [],
						"body": {
							"mode": "raw",
							"raw": "{\r\n        \"id\": 10,\r\n        \"socialProfile\": {\r\n            \"id\": 10,\r\n            \"description\":\"Test 4\"\r\n        }\r\n}",
							"options": {
								"raw": {
									"language": "json"
								}
							}
						},
						"url": {
							"raw": "http://localhost:8080/social/users",
							"protocol": "http",
							"host": [
								"localhost"
							],
							"port": "8080",
							"path": [
								"social",
								"users"
							]
						}
					},
					"response": []
				}
			]
		},
		{
			"name": "Hello World App",
			"item": [
				{
					"name": "http://localhost:8080/hello",
					"request": {
						"method": "POST",
						"header": [],
						"body": {
							"mode": "raw",
							"raw": "Spring Boot"
						},
						"url": {
							"raw": "http://localhost:8080/hello",
							"protocol": "http",
							"host": [
								"localhost"
							],
							"port": "8080",
							"path": [
								"hello"
							]
						}
					},
					"response": []
				},
				{
					"name": "http://localhost:8080/hello",
					"request": {
						"method": "GET",
						"header": [],
						"url": {
							"raw": "http://localhost:8080/hello",
							"protocol": "http",
							"host": [
								"localhost"
							],
							"port": "8080",
							"path": [
								"hello"
							]
						}
					},
					"response": []
				}
			]
		},
		{
			"name": "Spring Boot Ecommerce",
			"item": [
				{
					"name": "Product",
					"item": [
						{
							"name": "Add Product",
							"request": {
								"method": "POST",
								"header": [],
								"body": {
									"mode": "raw",
									"raw": "{\r\n    \"productName\": \"Adjustable dumbbell set for home workouts | Premium Quality\",\r\n    \"description\": \"Adjustable dumbbell set for home workouts, can be used indoors, outdoors, at your personal gym. This is available at lowest possible rates.\",\r\n    \"quantity\": 90,\r\n    \"price\": 90,\r\n    \"discount\": 10\r\n}\r\n",
									"options": {
										"raw": {
											"language": "json"
										}
									}
								},
								"url": {
									"raw": "http://localhost:8080/api/admin/categories/6/product",
									"protocol": "http",
									"host": [
										"localhost"
									],
									"port": "8080",
									"path": [
										"api",
										"admin",
										"categories",
										"6",
										"product"
									]
								}
							},
							"response": []
						},
						{
							"name": "Update Product",
							"request": {
								"method": "PUT",
								"header": [],
								"body": {
									"mode": "raw",
									"raw": "{\r\n    \"productName\": \"Adjustable dumbbell set for home workouts | Premium Quality\",\r\n    \"description\": \"Adjustable dumbbell set for home workouts, can be used indoors, outdoors, at your personal gym. This is available at lowest possible rates.\",\r\n    \"quantity\": 0,\r\n    \"price\": 90,\r\n    \"discount\": 10\r\n}\r\n",
									"options": {
										"raw": {
											"language": "json"
										}
									}
								},
								"url": {
									"raw": "http://localhost:8080/api/admin/products/157",
									"protocol": "http",
									"host": [
										"localhost"
									],
									"port": "8080",
									"path": [
										"api",
										"admin",
										"products",
										"157"
									]
								}
							},
							"response": []
						},
						{
							"name": "Update Product Image",
							"request": {
								"method": "PUT",
								"header": [],
								"body": {
									"mode": "formdata",
									"formdata": [
										{
											"key": "image",
											"type": "file",
											"src": "/C:/Users/FAISAL/Downloads/placeholder.png"
										}
									]
								},
								"url": {
									"raw": "http://localhost:8080/api/products/202/image",
									"protocol": "http",
									"host": [
										"localhost"
									],
									"port": "8080",
									"path": [
										"api",
										"products",
										"202",
										"image"
									]
								}
							},
							"response": []
						},
						{
							"name": "Delete Product",
							"request": {
								"method": "DELETE",
								"header": [],
								"url": {
									"raw": "http://localhost:8080/api/admin/products/1",
									"protocol": "http",
									"host": [
										"localhost"
									],
									"port": "8080",
									"path": [
										"api",
										"admin",
										"products",
										"1"
									]
								}
							},
							"response": []
						},
						{
							"name": "Get All Products",
							"request": {
								"method": "GET",
								"header": [
									{
										"key": "Authorization",
										"value": "Bearer eyJhbGciOiJIUzI1NiJ9.eyJzdWIiOiJ1c2VyMSIsImlhdCI6MTcxNTE4MzY0OSwiZXhwIjoxNzE1MTg2NjQ5fQ.XS0-JKPhMJMrULRonqYLQzhJFTFOXGxkeuFj4q4mxeE",
										"disabled": true
									}
								],
								"url": {
									"raw": "http://localhost:8080/api/public/products?sortBy=price&sortOrder=desc&pageSize=20",
									"protocol": "http",
									"host": [
										"localhost"
									],
									"port": "8080",
									"path": [
										"api",
										"public",
										"products"
									],
									"query": [
										{
											"key": "pageNumber",
											"value": "1",
											"disabled": true
										},
										{
											"key": "sortBy",
											"value": "price"
										},
										{
											"key": "sortOrder",
											"value": "desc"
										},
										{
											"key": "keyword",
											"value": "blender",
											"disabled": true
										},
										{
											"key": "category",
											"value": "Electronics",
											"disabled": true
										},
										{
											"key": "pageSize",
											"value": "20"
										}
									]
								}
							},
							"response": []
						},
						{
							"name": "Get Products By Keyword",
							"request": {
								"method": "GET",
								"header": [],
								"url": {
									"raw": "http://localhost:8080/api/public/products/keyword/rob?pageNumber=0&pageSize=10&sortBy=productName&sortOrder=desc",
									"protocol": "http",
									"host": [
										"localhost"
									],
									"port": "8080",
									"path": [
										"api",
										"public",
										"products",
										"keyword",
										"rob"
									],
									"query": [
										{
											"key": "pageNumber",
											"value": "0"
										},
										{
											"key": "pageSize",
											"value": "10"
										},
										{
											"key": "sortBy",
											"value": "productName"
										},
										{
											"key": "sortOrder",
											"value": "desc"
										}
									]
								}
							},
							"response": []
						},
						{
							"name": "Get Products By Category",
							"request": {
								"method": "GET",
								"header": [],
								"url": {
									"raw": "http://localhost:8080/api/public/categories/1/products?pageNumber=0&pageSize=10&sortBy=productId&sortOrder=desc",
									"protocol": "http",
									"host": [
										"localhost"
									],
									"port": "8080",
									"path": [
										"api",
										"public",
										"categories",
										"1",
										"products"
									],
									"query": [
										{
											"key": "pageNumber",
											"value": "0"
										},
										{
											"key": "pageSize",
											"value": "10"
										},
										{
											"key": "sortBy",
											"value": "productId"
										},
										{
											"key": "sortOrder",
											"value": "desc"
										}
									]
								}
							},
							"response": []
						}
					]
				},
				{
					"name": "Category",
					"item": [
						{
							"name": "Get All Categories",
							"request": {
								"method": "GET",
								"header": [],
								"url": {
									"raw": "http://localhost:8080/api/public/categories",
									"protocol": "http",
									"host": [
										"localhost"
									],
									"port": "8080",
									"path": [
										"api",
										"public",
										"categories"
									],
									"query": [
										{
											"key": "pageNumber",
											"value": "0",
											"disabled": true
										},
										{
											"key": "pageSize",
											"value": "10",
											"disabled": true
										},
										{
											"key": "sortBy",
											"value": "categoryName",
											"disabled": true
										},
										{
											"key": "sortOrder",
											"value": "desc",
											"disabled": true
										}
									]
								}
							},
							"response": []
						},
						{
							"name": "DELETE Category",
							"request": {
								"method": "DELETE",
								"header": [],
								"url": {
									"raw": "http://localhost:8080/api/admin/categories/4",
									"protocol": "http",
									"host": [
										"localhost"
									],
									"port": "8080",
									"path": [
										"api",
										"admin",
										"categories",
										"4"
									]
								}
							},
							"response": []
						},
						{
							"name": "Create new Category",
							"request": {
								"method": "POST",
								"header": [],
								"body": {
									"mode": "raw",
									"raw": "{\r\n    \"categoryName\":\"Sports & Fitness\"\r\n}",
									"options": {
										"raw": {
											"language": "json"
										}
									}
								},
								"url": {
									"raw": "http://localhost:8080/api/public/categories",
									"protocol": "http",
									"host": [
										"localhost"
									],
									"port": "8080",
									"path": [
										"api",
										"public",
										"categories"
									]
								}
							},
							"response": []
						},
						{
							"name": "Update Category",
							"request": {
								"method": "PUT",
								"header": [],
								"body": {
									"mode": "raw",
									"raw": "{\r\n    \"categoryName\":\"Travel Updated\"\r\n}",
									"options": {
										"raw": {
											"language": "json"
										}
									}
								},
								"url": {
									"raw": "http://localhost:8080/api/public/categories/1",
									"protocol": "http",
									"host": [
										"localhost"
									],
									"port": "8080",
									"path": [
										"api",
										"public",
										"categories",
										"1"
									]
								}
							},
							"response": []
						}
					]
				},
				{
					"name": "Authentication",
					"item": [
						{
							"name": "Sign in",
							"request": {
								"method": "POST",
								"header": [],
								"body": {
									"mode": "raw",
									"raw": "{\r\n    \"username\":\"user1\",\r\n    \"password\":\"password1\"\r\n}",
									"options": {
										"raw": {
											"language": "json"
										}
									}
								},
								"url": {
									"raw": "http://localhost:8080/api/auth/signin",
									"protocol": "http",
									"host": [
										"localhost"
									],
									"port": "8080",
									"path": [
										"api",
										"auth",
										"signin"
									]
								}
							},
							"response": []
						},
						{
							"name": "GetUserName",
							"request": {
								"method": "GET",
								"header": [],
								"url": {
									"raw": "http://localhost:8080/api/auth/username",
									"protocol": "http",
									"host": [
										"localhost"
									],
									"port": "8080",
									"path": [
										"api",
										"auth",
										"username"
									]
								}
							},
							"response": []
						},
						{
							"name": "GetUser",
							"request": {
								"method": "GET",
								"header": [],
								"url": {
									"raw": "http://localhost:8080/api/auth/user",
									"protocol": "http",
									"host": [
										"localhost"
									],
									"port": "8080",
									"path": [
										"api",
										"auth",
										"user"
									]
								}
							},
							"response": []
						},
						{
							"name": "Sign Out",
							"request": {
								"method": "POST",
								"header": [],
								"url": {
									"raw": "http://localhost:8080/api/auth/signout",
									"protocol": "http",
									"host": [
										"localhost"
									],
									"port": "8080",
									"path": [
										"api",
										"auth",
										"signout"
									]
								}
							},
							"response": []
						},
						{
							"name": "Sign up",
							"request": {
								"method": "POST",
								"header": [],
								"body": {
									"mode": "raw",
									"raw": "{\r\n    \"username\":\"user3\",\r\n    \"email\":\"user3email@gmail.com\",\r\n    \"password\":\"password3\",\r\n    \"role\":[\"admin\"]\r\n}",
									"options": {
										"raw": {
											"language": "json"
										}
									}
								},
								"url": {
									"raw": "http://localhost:8080/api/auth/signup",
									"protocol": "http",
									"host": [
										"localhost"
									],
									"port": "8080",
									"path": [
										"api",
										"auth",
										"signup"
									]
								}
							},
							"response": []
						}
					]
				},
				{
					"name": "Cart",
					"item": [
						{
							"name": "Add product to cart",
							"request": {
								"auth": {
									"type": "noauth"
								},
								"method": "POST",
								"header": [
									{
										"key": "",
										"value": "",
										"disabled": true
									}
								],
								"url": {
									"raw": "http://localhost:8080/api/carts/products/1/quantity/1",
									"protocol": "http",
									"host": [
										"localhost"
									],
									"port": "8080",
									"path": [
										"api",
										"carts",
										"products",
										"1",
										"quantity",
										"1"
									]
								}
							},
							"response": []
						},
						{
							"name": "Get all carts",
							"request": {
								"auth": {
									"type": "noauth"
								},
								"method": "GET",
								"header": [
									{
										"key": "",
										"value": "",
										"disabled": true
									}
								],
								"url": {
									"raw": "http://localhost:8080/api/carts",
									"protocol": "http",
									"host": [
										"localhost"
									],
									"port": "8080",
									"path": [
										"api",
										"carts"
									]
								}
							},
							"response": []
						},
						{
							"name": "Get User Cart",
							"request": {
								"auth": {
									"type": "noauth"
								},
								"method": "GET",
								"header": [
									{
										"key": "",
										"value": "",
										"disabled": true
									}
								],
								"url": {
									"raw": "http://localhost:8080/api/carts/users/cart",
									"protocol": "http",
									"host": [
										"localhost"
									],
									"port": "8080",
									"path": [
										"api",
										"carts",
										"users",
										"cart"
									]
								}
							},
							"response": []
						},
						{
							"name": "Update quantity of product in Cart",
							"request": {
								"auth": {
									"type": "noauth"
								},
								"method": "PUT",
								"header": [
									{
										"key": "",
										"value": "",
										"disabled": true
									}
								],
								"url": {
									"raw": "http://localhost:8080/api/cart/products/1/quantity/delete",
									"protocol": "http",
									"host": [
										"localhost"
									],
									"port": "8080",
									"path": [
										"api",
										"cart",
										"products",
										"1",
										"quantity",
										"delete"
									]
								}
							},
							"response": []
						},
						{
							"name": "Delete product from cart",
							"request": {
								"auth": {
									"type": "noauth"
								},
								"method": "DELETE",
								"header": [
									{
										"key": "",
										"value": "",
										"disabled": true
									}
								],
								"url": {
									"raw": "http://localhost:8080/api/carts/1/product/1",
									"protocol": "http",
									"host": [
										"localhost"
									],
									"port": "8080",
									"path": [
										"api",
										"carts",
										"1",
										"product",
										"1"
									]
								}
							},
							"response": []
						}
					]
				},
				{
					"name": "Addresses",
					"item": [
						{
							"name": "Create Address",
							"request": {
								"auth": {
									"type": "noauth"
								},
								"method": "POST",
								"header": [],
								"body": {
									"mode": "raw",
									"raw": "{\r\n    \"country\": \"USA\",\r\n    \"city\": \"San Francisco\",\r\n    \"street\": \"Market Street\",\r\n    \"pincode\": \"94103\",\r\n    \"buildingName\": \"Bay Apartments\",\r\n    \"state\": \"California\"\r\n}\r\n",
									"options": {
										"raw": {
											"language": "json"
										}
									}
								},
								"url": {
									"raw": "http://localhost:8080/api/addresses",
									"protocol": "http",
									"host": [
										"localhost"
									],
									"port": "8080",
									"path": [
										"api",
										"addresses"
									]
								}
							},
							"response": []
						},
						{
							"name": "Update Address",
							"request": {
								"auth": {
									"type": "noauth"
								},
								"method": "PUT",
								"header": [],
								"body": {
									"mode": "raw",
									"raw": "{\r\n    \"country\": \"USA\",\r\n    \"city\": \"San Francisco\",\r\n    \"street\": \"Market Street\",\r\n    \"pincode\": \"94103\",\r\n    \"buildingName\": \"Bay Apartments Updated\",\r\n    \"state\": \"California\"\r\n}\r\n",
									"options": {
										"raw": {
											"language": "json"
										}
									}
								},
								"url": {
									"raw": "http://localhost:8080/api/addresses/1",
									"protocol": "http",
									"host": [
										"localhost"
									],
									"port": "8080",
									"path": [
										"api",
										"addresses",
										"1"
									]
								}
							},
							"response": []
						},
						{
							"name": "Get Addresses",
							"request": {
								"auth": {
									"type": "noauth"
								},
								"method": "GET",
								"header": [],
								"url": {
									"raw": "http://localhost:8080/api/addresses",
									"protocol": "http",
									"host": [
										"localhost"
									],
									"port": "8080",
									"path": [
										"api",
										"addresses"
									]
								}
							},
							"response": []
						},
						{
							"name": "Get Address By Id",
							"request": {
								"auth": {
									"type": "noauth"
								},
								"method": "GET",
								"header": [],
								"url": {
									"raw": "http://localhost:8080/api/addresses/1",
									"protocol": "http",
									"host": [
										"localhost"
									],
									"port": "8080",
									"path": [
										"api",
										"addresses",
										"1"
									]
								}
							},
							"response": []
						},
						{
							"name": "Delete Address",
							"request": {
								"auth": {
									"type": "noauth"
								},
								"method": "DELETE",
								"header": [],
								"url": {
									"raw": "http://localhost:8080/api/addresses/2",
									"protocol": "http",
									"host": [
										"localhost"
									],
									"port": "8080",
									"path": [
										"api",
										"addresses",
										"2"
									]
								}
							},
							"response": []
						},
						{
							"name": "Get User Addresses",
							"request": {
								"auth": {
									"type": "noauth"
								},
								"method": "GET",
								"header": [],
								"url": {
									"raw": "http://localhost:8080/api/users/addresses",
									"protocol": "http",
									"host": [
										"localhost"
									],
									"port": "8080",
									"path": [
										"api",
										"users",
										"addresses"
									]
								}
							},
							"response": []
						}
					]
				},
				{
					"name": "Orders",
					"item": [
						{
							"name": "Place Order",
							"request": {
								"method": "POST",
								"header": [],
								"body": {
									"mode": "raw",
									"raw": "{\r\n  \"addressId\": 1,\r\n  \"pgName\": \"Stripe\",\r\n  \"pgPaymentId\": \"pi_1FHEhK2eZvKYlo2CcK4UJNdW\",\r\n  \"pgStatus\": \"succeeded\",\r\n  \"pgResponseMessage\": \"Payment successful\"\r\n}",
									"options": {
										"raw": {
											"language": "json"
										}
									}
								},
								"url": {
									"raw": "http://localhost:8080/api/order/users/payments/CARD",
									"protocol": "http",
									"host": [
										"localhost"
									],
									"port": "8080",
									"path": [
										"api",
										"order",
										"users",
										"payments",
										"CARD"
									]
								}
							},
							"response": []
						},
						{
							"name": "StripeClientSecret",
							"request": {
								"method": "POST",
								"header": [],
								"body": {
									"mode": "raw",
									"raw": "{\r\n  \"amount\": 2000,\r\n  \"currency\": \"usd\"\r\n}",
									"options": {
										"raw": {
											"language": "json"
										}
									}
								},
								"url": {
									"raw": "http://localhost:8080/api/order/stripe-client-secret",
									"protocol": "http",
									"host": [
										"localhost"
									],
									"port": "8080",
									"path": [
										"api",
										"order",
										"stripe-client-secret"
									]
								}
							},
							"response": []
						}
					]
				}
			]
		}
	]
}